Precinct - Full,Precinct Short,Orphan?,Walkable?,Area,Avg Age,% Male,% Female,Registered Voters,Voted,Voted %,Col J Orphan,Col J Non-Orphan,Col J Non-Walkable,Col J Walkable,Target 92+ #,Target 92+ Voted #,Target 92+ Voted %,Col Q Orphan,Col Q Non-Orphan,Col Q Non-Walkable,Col Q Walkable,Target 75+ #,Target 75+ Voted #,Target 75+ Voted %,Non-Target #,Non-Target Voted #,Non-Target Voted %,Target 92+ - Non-Target %,Target 75+ - Non-Target %,Dem #,Dem Voted #,Dem Voted %,Rep #,Rep Voted #,Rep Voted %,Green #,Green Voted #,Green Voted %,Lib #,Lib Voted #,Lib Voted %,Unaf #,Unaf Voted #,Unaf Voted %,Unaf 92+ #,Unaf 92+ Voted #,Unaf 92+ Voted %,Unaf 75+ #,Unaf 75+ Voted #,Unaf 75+ Voted %,Unaf 0-75 #,Unaf 0-75 Voted #,Unaf 0-75 Voted %
2151107703,703,0,0,LM-07,54.26455026,52.91%,47.09%,189,168,88.89%,#N/A,88.89%,88.89%,#N/A,80,76,95.00%,#N/A,95.00%,95.00%,#N/A,106,100,94.34%,83,68,81.93%,13.07%,12.41%,67,63,94.03%,37,33,89.19%,0,0,NULL,0,0,NULL,85,72,84.71%,13,13,100.00%,39,37,94.87%,46,35,76.09%
2151207700,700,0,0,MT-03,55.19307692,49.85%,49.69%,1300,1162,89.38%,#N/A,89.38%,89.38%,#N/A,651,605,92.93%,#N/A,92.93%,92.93%,#N/A,825,754,91.39%,475,408,85.89%,7.04%,5.50%,493,456,92.49%,200,189,94.50%,4,3,75.00%,6,3,50.00%,597,511,85.59%,154,146,94.81%,328,295,89.94%,269,216,80.30%
2151907002,002,1,1,LM-04,50,50.00%,50.00%,2,2,100.00%,100.00%,#N/A,#N/A,100.00%,2,2,100.00%,100.00%,#N/A,#N/A,100.00%,2,2,100.00%,0,0,NULL,NULL,NULL,2,2,100.00%,0,0,NULL,0,0,NULL,0,0,NULL,0,0,NULL,0,0,NULL,0,0,NULL,0,0,NULL
2154907701,701,0,0,MT-03,54.4957529,48.34%,51.51%,1295,1149,88.73%,#N/A,88.73%,88.73%,#N/A,574,533,92.86%,#N/A,92.86%,92.86%,#N/A,759,692,91.17%,536,457,85.26%,7.60%,5.91%,458,423,92.36%,221,198,89.59%,2,2,100.00%,8,6,75.00%,606,520,85.81%,114,108,94.74%,299,267,89.30%,307,253,82.41%
2154907702,702,1,0,MT-03,55.72470238,49.85%,50.15%,672,587,87.35%,87.35%,#N/A,87.35%,#N/A,250,231,92.40%,92.40%,#N/A,92.40%,#N/A,321,298,92.83%,351,289,82.34%,10.06%,10.50%,210,191,90.95%,142,128,90.14%,1,1,100.00%,3,2,66.67%,316,265,83.86%,39,39,100.00%,110,106,96.36%,206,159,77.18%
2154907704,704,0,0,LM-07,55.26686657,48.13%,51.72%,667,587,88.01%,#N/A,88.01%,88.01%,#N/A,181,159,87.85%,#N/A,87.85%,87.85%,#N/A,250,221,88.40%,417,366,87.77%,0.08%,0.63%,151,130,86.09%,190,173,91.05%,1,1,100.00%,9,6,66.67%,316,277,87.66%,29,28,96.55%,98,90,91.84%,218,187,85.78%
2154907705,705,0,0,LM-07,54.16017316,49.21%,50.65%,693,580,83.69%,#N/A,83.69%,83.69%,#N/A,150,125,83.33%,#N/A,83.33%,83.33%,#N/A,223,193,86.55%,470,387,82.34%,0.99%,4.21%,134,110,82.09%,193,174,90.16%,1,1,100.00%,5,5,100.00%,360,290,80.56%,15,14,93.33%,88,82,93.18%,272,208,76.47%
2154907900,900,0,0,BO-01,52.98594378,52.61%,47.19%,498,433,86.95%,#N/A,86.95%,86.95%,#N/A,353,319,90.37%,#N/A,90.37%,90.37%,#N/A,433,380,87.76%,65,53,81.54%,8.83%,6.22%,278,249,89.57%,27,24,88.89%,2,2,100.00%,3,3,100.00%,188,155,82.45%,73,68,93.15%,153,129,84.31%,35,26,74.29%
2154907901,901,0,0,MT-01,51.5984556,52.90%,46.81%,1036,882,85.14%,#N/A,85.14%,85.14%,#N/A,455,414,90.99%,#N/A,90.99%,90.99%,#N/A,618,552,89.32%,418,330,78.95%,12.04%,10.37%,332,300,90.36%,136,125,91.91%,5,4,80.00%,14,10,71.43%,549,443,80.69%,118,110,93.22%,281,248,88.26%,268,195,72.76%
2154907902,902,0,0,MT-01,55.15210356,54.37%,45.63%,309,268,86.73%,#N/A,86.73%,86.73%,#N/A,174,161,92.53%,#N/A,92.53%,92.53%,#N/A,221,198,89.59%,88,70,79.55%,12.98%,10.05%,137,129,94.16%,23,23,100.00%,3,2,66.67%,5,3,60.00%,141,111,78.72%,34,30,88.24%,81,67,82.72%,60,44,73.33%
2154907903,903,0,0,MT-01,51.2022792,50.57%,49.15%,702,626,89.17%,#N/A,89.17%,89.17%,#N/A,425,399,93.88%,#N/A,93.88%,93.88%,#N/A,564,514,91.13%,138,112,81.16%,12.72%,9.98%,314,296,94.27%,37,33,89.19%,8,7,87.50%,4,4,100.00%,339,286,84.37%,103,96,93.20%,242,211,87.19%,97,75,77.32%
2154907904,904,0,0,MT-01,48.5817738,52.16%,47.60%,1229,1056,85.92%,#N/A,85.92%,85.92%,#N/A,736,679,92.26%,#N/A,92.26%,92.26%,#N/A,996,890,89.36%,233,166,71.24%,21.01%,18.11%,520,473,90.96%,65,54,83.08%,8,7,87.50%,9,5,55.56%,627,517,82.46%,208,199,95.67%,468,410,87.61%,159,107,67.30%
2154907905,905,0,0,MT-01,53.28411215,52.90%,47.10%,535,447,83.55%,#N/A,83.55%,83.55%,#N/A,368,326,88.59%,#N/A,88.59%,88.59%,#N/A,461,394,85.47%,74,53,71.62%,16.97%,13.84%,232,203,87.50%,22,18,81.82%,3,2,66.67%,4,1,25.00%,274,223,81.39%,133,121,90.98%,226,189,83.63%,48,34,70.83%
2154907906,906,0,0,BO-01,54.17235189,52.42%,47.58%,557,488,87.61%,#N/A,87.61%,87.61%,#N/A,278,254,91.37%,#N/A,91.37%,91.37%,#N/A,379,349,92.08%,178,139,78.09%,13.28%,13.99%,203,183,90.15%,58,49,84.48%,1,0,0.00%,3,2,66.67%,292,254,86.99%,74,71,95.95%,175,166,94.86%,117,88,75.21%
2154907907,907,0,0,MT-01,54.08974359,51.82%,47.97%,936,805,86.00%,#N/A,86.00%,86.00%,#N/A,593,537,90.56%,#N/A,90.56%,90.56%,#N/A,736,651,88.45%,200,154,77.00%,13.56%,11.45%,442,398,90.05%,59,53,89.83%,8,4,50.00%,2,2,100.00%,425,348,81.88%,143,135,94.41%,286,249,87.06%,139,99,71.22%
2154907908,908,0,0,MT-02,55.22693267,52.87%,47.13%,401,346,86.28%,#N/A,86.28%,86.28%,#N/A,199,186,93.47%,#N/A,93.47%,93.47%,#N/A,267,241,90.26%,134,105,78.36%,15.11%,11.90%,147,135,91.84%,47,42,89.36%,5,5,100.00%,1,0,0.00%,201,164,81.59%,47,46,97.87%,115,101,87.83%,86,63,73.26%
2154907909,909,0,0,MT-02,53.95238095,50.34%,49.66%,588,518,88.10%,#N/A,88.10%,88.10%,#N/A,431,394,91.42%,#N/A,91.42%,91.42%,#N/A,522,464,88.89%,66,54,81.82%,9.60%,7.07%,285,266,93.33%,26,24,92.31%,0,0,NULL,10,9,90.00%,267,219,82.02%,146,128,87.67%,237,198,83.54%,30,21,70.00%
2154907910,910,0,0,MT-02,51.59795322,51.02%,48.83%,684,584,85.38%,#N/A,85.38%,85.38%,#N/A,403,356,88.34%,#N/A,88.34%,88.34%,#N/A,539,461,85.53%,145,123,84.83%,3.51%,0.70%,294,258,87.76%,62,57,91.94%,2,1,50.00%,6,3,50.00%,320,265,82.81%,107,97,90.65%,243,202,83.13%,77,63,81.82%
2154907911,911,0,0,MT-02,54.59378349,49.95%,49.95%,933,845,90.57%,#N/A,90.57%,90.57%,#N/A,593,556,93.76%,#N/A,93.76%,93.76%,#N/A,738,681,92.28%,195,164,84.10%,9.66%,8.17%,427,394,92.27%,60,57,95.00%,2,0,0.00%,3,3,100.00%,441,391,88.66%,164,162,98.78%,309,287,92.88%,132,104,78.79%
2154907912,912,1,0,MT-02,55.07932166,50.11%,49.78%,1828,1622,88.73%,88.73%,#N/A,88.73%,#N/A,1079,993,92.03%,92.03%,#N/A,92.03%,#N/A,1340,1210,90.30%,488,412,84.43%,7.60%,5.87%,799,730,91.36%,178,156,87.64%,2,1,50.00%,10,7,70.00%,839,728,86.77%,278,262,94.24%,539,479,88.87%,300,249,83.00%
2154907913,913,0,0,MT-02,53.17322835,53.07%,46.93%,635,557,87.72%,#N/A,87.72%,87.72%,#N/A,405,371,91.60%,#N/A,91.60%,91.60%,#N/A,475,426,89.68%,160,131,81.88%,9.73%,7.81%,277,256,92.42%,49,42,85.71%,6,3,50.00%,6,6,100.00%,297,250,84.18%,122,112,91.80%,192,167,86.98%,105,83,79.05%
2154907914,914,0,0,MT-03,57.31702544,50.88%,49.12%,511,427,83.56%,#N/A,83.56%,83.56%,#N/A,179,162,90.50%,#N/A,90.50%,90.50%,#N/A,257,227,88.33%,254,200,78.74%,11.76%,9.59%,140,128,91.43%,84,73,86.90%,3,2,66.67%,4,2,50.00%,280,222,79.29%,36,32,88.89%,114,97,85.09%,166,125,75.30%
2154907915,915,0,0,MT-03,52.01824818,49.05%,50.88%,1370,1248,91.09%,#N/A,91.09%,91.09%,#N/A,753,703,93.36%,#N/A,93.36%,93.36%,#N/A,976,901,92.32%,394,347,88.07%,5.29%,4.24%,581,538,92.60%,121,116,95.87%,6,4,66.67%,13,11,84.62%,649,579,89.21%,166,161,96.99%,389,359,92.29%,260,220,84.62%
2154907916,916,0,0,MT-03,52.32565789,48.27%,51.56%,1216,1097,90.21%,#N/A,90.21%,90.21%,#N/A,659,617,93.63%,#N/A,93.63%,93.63%,#N/A,828,764,92.27%,388,333,85.82%,7.80%,6.45%,503,468,93.04%,139,130,93.53%,5,5,100.00%,11,10,90.91%,558,484,86.74%,151,144,95.36%,320,291,90.94%,238,193,81.09%
2171107600,600,1,1,LM-01,42.16,49.28%,50.37%,2025,1606,79.31%,79.31%,#N/A,#N/A,79.31%,808,715,88.49%,88.49%,#N/A,#N/A,88.49%,1214,1015,83.61%,811,591,72.87%,15.62%,10.73%,596,514,86.24%,233,191,81.97%,5,2,40.00%,21,15,71.43%,1170,884,75.56%,207,199,96.14%,613,499,81.40%,557,385,69.12%
2171107601,601,0,1,LM-01,42.48453608,46.31%,53.45%,1261,901,71.45%,#N/A,71.45%,#N/A,71.45%,629,512,81.40%,#N/A,81.40%,#N/A,81.40%,944,700,74.15%,317,201,63.41%,17.99%,10.75%,476,388,81.51%,93,64,68.82%,1,1,100.00%,5,3,60.00%,686,445,64.87%,152,123,80.92%,467,311,66.60%,219,134,61.19%
2171107602,602,0,1,LM-01,48.06923077,48.35%,51.65%,910,726,79.78%,#N/A,79.78%,#N/A,79.78%,393,346,88.04%,#N/A,88.04%,#N/A,88.04%,529,450,85.07%,381,276,72.44%,15.60%,12.63%,306,267,87.25%,117,100,85.47%,4,1,25.00%,14,9,64.29%,469,349,74.41%,83,78,93.98%,219,182,83.11%,250,167,66.80%
2171107603,603,0,1,LM-01,51.88270378,49.57%,50.30%,1509,1358,89.99%,#N/A,89.99%,#N/A,89.99%,711,678,95.36%,#N/A,95.36%,#N/A,95.36%,912,850,93.20%,597,508,85.09%,10.27%,8.11%,532,504,94.74%,235,214,91.06%,4,3,75.00%,6,5,83.33%,732,632,86.34%,175,171,97.71%,376,343,91.22%,356,289,81.18%
2171107604,604,0,1,LM-01,49.55121043,48.88%,50.93%,1074,938,87.34%,#N/A,87.34%,#N/A,87.34%,530,485,91.51%,#N/A,91.51%,#N/A,91.51%,678,607,89.53%,396,331,83.59%,7.92%,5.94%,413,377,91.28%,134,121,90.30%,6,4,66.67%,9,6,66.67%,512,430,83.98%,111,104,93.69%,259,226,87.26%,253,204,80.63%
2171107605,605,0,1,LM-02,47.9623431,50.29%,49.37%,1195,1036,86.69%,#N/A,86.69%,#N/A,86.69%,496,459,92.54%,#N/A,92.54%,#N/A,92.54%,685,630,91.97%,510,406,79.61%,12.93%,12.36%,391,358,91.56%,195,163,83.59%,2,1,50.00%,7,5,71.43%,600,509,84.83%,103,100,97.09%,292,271,92.81%,308,238,77.27%
2171107606,606,0,1,LM-02,51.5164034,48.48%,51.34%,1646,1462,88.82%,#N/A,88.82%,#N/A,88.82%,710,671,94.51%,#N/A,94.51%,#N/A,94.51%,957,885,92.48%,689,577,83.74%,10.76%,8.73%,530,493,93.02%,248,218,87.90%,1,1,100.00%,14,12,85.71%,853,738,86.52%,179,177,98.88%,426,391,91.78%,427,347,81.26%
2171107607,607,0,1,LM-02,46.45703743,48.18%,51.61%,1897,1602,84.45%,#N/A,84.45%,#N/A,84.45%,897,832,92.75%,#N/A,92.75%,#N/A,92.75%,1202,1094,91.01%,695,508,73.09%,19.66%,17.92%,660,606,91.82%,216,176,81.48%,9,9,100.00%,11,9,81.82%,1001,802,80.12%,228,217,95.18%,533,479,89.87%,468,323,69.02%
2171107608,608,0,1,LM-02,47.8658147,49.71%,49.97%,1565,1381,88.24%,#N/A,88.24%,#N/A,88.24%,623,584,93.74%,#N/A,93.74%,#N/A,93.74%,898,822,91.54%,667,559,83.81%,9.93%,7.73%,476,449,94.33%,217,196,90.32%,4,0,0.00%,6,5,83.33%,862,731,84.80%,143,135,94.41%,418,373,89.23%,444,358,80.63%
2171107609,609,0,1,LM-02,44.60663984,45.67%,54.07%,1988,1488,74.85%,#N/A,74.85%,#N/A,74.85%,920,790,85.87%,#N/A,85.87%,#N/A,85.87%,1337,1062,79.43%,651,426,65.44%,20.43%,13.99%,711,603,84.81%,155,119,76.77%,5,4,80.00%,23,14,60.87%,1094,748,68.37%,204,183,89.71%,621,455,73.27%,473,293,61.95%
2171107610,610,0,1,LM-02,50.72563718,47.03%,52.92%,2001,1698,84.86%,#N/A,84.86%,#N/A,84.86%,922,853,92.52%,#N/A,92.52%,#N/A,92.52%,1252,1127,90.02%,749,571,76.23%,16.28%,13.78%,696,641,92.10%,294,245,83.33%,5,4,80.00%,18,12,66.67%,988,796,80.57%,221,208,94.12%,551,482,87.48%,437,314,71.85%
2171107611,611,1,1,LM-02,49.12680851,50.30%,49.62%,1175,983,83.66%,83.66%,#N/A,#N/A,83.66%,589,532,90.32%,90.32%,#N/A,#N/A,90.32%,764,680,89.01%,411,303,73.72%,16.60%,15.28%,443,389,87.81%,149,128,85.91%,3,3,100.00%,9,8,88.89%,571,455,79.68%,143,140,97.90%,318,288,90.57%,253,167,66.01%
2171107612,612,0,1,LM-01,47.24200164,52.34%,47.42%,1219,1008,82.69%,#N/A,82.69%,#N/A,82.69%,508,460,90.55%,#N/A,90.55%,#N/A,90.55%,725,643,88.69%,494,365,73.89%,16.66%,14.80%,390,346,88.72%,131,108,82.44%,4,3,75.00%,12,10,83.33%,682,541,79.33%,114,111,97.37%,331,294,88.82%,351,247,70.37%
2171107613,613,0,1,LM-01,45.08860759,48.44%,51.56%,1185,922,77.81%,#N/A,77.81%,#N/A,77.81%,508,458,90.16%,#N/A,90.16%,#N/A,90.16%,710,611,86.06%,475,311,65.47%,24.68%,20.58%,400,356,89.00%,127,100,78.74%,4,3,75.00%,9,6,66.67%,645,457,70.85%,104,99,95.19%,306,252,82.35%,339,205,60.47%
2171107614,614,0,1,LM-03,46.80223881,49.25%,50.50%,804,603,75.00%,#N/A,75.00%,#N/A,75.00%,390,328,84.10%,#N/A,84.10%,#N/A,84.10%,515,414,80.39%,289,189,65.40%,18.70%,14.99%,290,238,82.07%,96,77,80.21%,4,3,75.00%,6,3,50.00%,408,282,69.12%,96,87,90.63%,221,173,78.28%,187,109,58.29%
2171107615,615,0,1,LM-03,53.21479065,45.89%,53.94%,1839,1658,90.16%,#N/A,90.16%,#N/A,90.16%,1069,1016,95.04%,#N/A,95.04%,#N/A,95.04%,1342,1259,93.82%,497,399,80.28%,14.76%,13.53%,789,740,93.79%,182,162,89.01%,6,5,83.33%,10,7,70.00%,852,744,87.32%,274,271,98.91%,547,514,93.97%,305,230,75.41%
2171107616,616,0,1,LM-03,45.51471509,50.41%,49.34%,1597,1295,81.09%,#N/A,81.09%,#N/A,81.09%,776,692,89.18%,#N/A,89.18%,#N/A,89.18%,1072,913,85.17%,525,382,72.76%,16.41%,12.41%,614,538,87.62%,148,122,82.43%,8,7,87.50%,16,13,81.25%,811,615,75.83%,154,147,95.45%,450,368,81.78%,361,247,68.42%
2171107617,617,1,1,LM-07,44.62430598,50.09%,49.85%,1621,1108,68.35%,68.35%,#N/A,#N/A,68.35%,660,526,79.70%,79.70%,#N/A,#N/A,79.70%,963,722,74.97%,658,386,58.66%,21.03%,16.31%,554,428,77.26%,159,127,79.87%,3,2,66.67%,22,14,63.64%,883,537,60.82%,103,96,93.20%,406,292,71.92%,477,245,51.36%
2171107618,618,0,1,LM-04,47.96220159,49.60%,50.33%,1508,1188,78.78%,#N/A,78.78%,#N/A,78.78%,631,543,86.05%,#N/A,86.05%,#N/A,86.05%,855,719,84.09%,653,469,71.82%,14.23%,12.27%,502,422,84.06%,243,212,87.24%,6,2,33.33%,15,9,60.00%,742,543,73.18%,123,119,96.75%,347,295,85.01%,395,248,62.78%
2171107622,622,0,1,LM-04,47.41818182,49.09%,50.91%,1045,848,81.15%,#N/A,81.15%,#N/A,81.15%,424,378,89.15%,#N/A,89.15%,#N/A,89.15%,579,499,86.18%,466,349,74.89%,14.26%,11.29%,325,282,86.77%,152,131,86.18%,6,5,83.33%,4,2,50.00%,558,428,76.70%,93,91,97.85%,248,212,85.48%,310,216,69.68%
2171107623,623,0,1,LM-05,47.78047465,48.27%,51.46%,1854,1402,75.62%,#N/A,75.62%,#N/A,75.62%,765,639,83.53%,#N/A,83.53%,#N/A,83.53%,1081,870,80.48%,773,532,68.82%,14.71%,11.66%,630,513,81.43%,246,202,82.11%,4,3,75.00%,19,13,68.42%,955,671,70.26%,131,123,93.89%,447,354,79.19%,508,317,62.40%
2171107624,624,0,1,LM-03,51.14175104,47.29%,52.59%,1679,1424,84.81%,#N/A,84.81%,#N/A,84.81%,806,742,92.06%,#N/A,92.06%,#N/A,92.06%,1079,961,89.06%,600,463,77.17%,14.89%,11.90%,592,539,91.05%,213,182,85.45%,10,7,70.00%,16,11,68.75%,848,685,80.78%,204,196,96.08%,477,415,87.00%,371,270,72.78%
2171107625,625,0,1,LM-03,50.70058873,50.21%,49.79%,1189,1012,85.11%,#N/A,85.11%,#N/A,85.11%,509,473,92.93%,#N/A,92.93%,#N/A,92.93%,662,606,91.54%,527,406,77.04%,15.89%,14.50%,404,371,91.83%,194,182,93.81%,5,4,80.00%,9,4,44.44%,577,451,78.16%,100,98,98.00%,253,231,91.30%,324,220,67.90%
2171107626,626,0,1,LM-06,51.401222,47.05%,52.82%,1473,1212,82.28%,#N/A,82.28%,#N/A,82.28%,690,619,89.71%,#N/A,89.71%,#N/A,89.71%,891,776,87.09%,582,436,74.91%,14.80%,12.18%,523,464,88.72%,208,185,88.94%,4,2,50.00%,14,10,71.43%,724,551,76.10%,163,153,93.87%,364,310,85.16%,360,241,66.94%
2171107627,627,0,1,LM-06,58.54470709,47.79%,52.11%,973,877,90.13%,#N/A,90.13%,#N/A,90.13%,338,320,94.67%,#N/A,94.67%,#N/A,94.67%,465,433,93.12%,508,444,87.40%,7.27%,5.72%,282,264,93.62%,223,205,91.93%,1,1,100.00%,5,5,100.00%,462,402,87.01%,55,55,100.00%,182,168,92.31%,280,234,83.57%
2171107628,628,1,1,LM-06,51.90685773,47.49%,52.51%,977,884,90.48%,90.48%,#N/A,#N/A,90.48%,381,362,95.01%,95.01%,#N/A,#N/A,95.01%,504,475,94.25%,473,409,86.47%,8.54%,7.78%,298,283,94.97%,161,152,94.41%,2,2,100.00%,6,3,50.00%,510,444,87.06%,81,77,95.06%,204,190,93.14%,306,254,83.01%
2171107629,629,0,1,LM-06,59.54329372,44.23%,55.69%,1178,1025,87.01%,#N/A,87.01%,#N/A,87.01%,487,448,91.99%,#N/A,91.99%,#N/A,91.99%,619,563,90.95%,559,462,82.65%,9.34%,8.31%,383,350,91.38%,242,216,89.26%,3,2,66.67%,7,6,85.71%,543,451,83.06%,101,96,95.05%,233,211,90.56%,310,240,77.42%
2171107630,630,0,1,LM-03,45.22260669,47.64%,52.25%,867,619,71.40%,#N/A,71.40%,#N/A,71.40%,303,250,82.51%,#N/A,82.51%,#N/A,82.51%,427,338,79.16%,440,281,63.86%,18.64%,15.29%,255,208,81.57%,126,105,83.33%,4,3,75.00%,9,8,88.89%,473,295,62.37%,44,39,88.64%,168,127,75.60%,305,168,55.08%
2171107631,631,0,1,LM-03,53.55399061,46.36%,53.29%,852,703,82.51%,#N/A,82.51%,#N/A,82.51%,293,265,90.44%,#N/A,90.44%,#N/A,90.44%,392,342,87.24%,460,361,78.48%,11.97%,8.77%,247,220,89.07%,167,157,94.01%,4,3,75.00%,4,3,75.00%,430,320,74.42%,42,42,100.00%,141,119,84.40%,289,201,69.55%
2171107632,632,0,1,LM-07,51.93625119,46.43%,53.57%,1051,789,75.07%,#N/A,75.07%,#N/A,75.07%,411,357,86.86%,#N/A,86.86%,#N/A,86.86%,569,470,82.60%,482,319,66.18%,20.68%,16.42%,317,267,84.23%,154,120,77.92%,4,1,25.00%,8,5,62.50%,568,396,69.72%,90,89,98.89%,248,202,81.45%,320,194,60.63%
2171107633,633,0,1,LM-05,42.67076383,48.81%,51.10%,1139,735,64.53%,#N/A,64.53%,#N/A,64.53%,433,335,77.37%,#N/A,77.37%,#N/A,77.37%,607,433,71.33%,532,302,56.77%,20.60%,14.57%,379,286,75.46%,119,91,76.47%,6,3,50.00%,4,4,100.00%,631,351,55.63%,48,46,95.83%,222,144,64.86%,409,207,50.61%
2171107634,634,1,1,LM-05,47.62292609,48.27%,51.73%,1326,1071,80.77%,80.77%,#N/A,#N/A,80.77%,500,436,87.20%,87.20%,#N/A,#N/A,87.20%,693,599,86.44%,633,472,74.57%,12.63%,11.87%,424,369,87.03%,195,164,84.10%,3,1,33.33%,17,15,88.24%,687,522,75.98%,73,66,90.41%,266,229,86.09%,421,293,69.60%
2171107638,638,0,1,LM-05,51.999001,48.15%,51.75%,1001,861,86.01%,#N/A,86.01%,#N/A,86.01%,320,278,86.88%,#N/A,86.88%,#N/A,86.88%,452,399,88.27%,549,462,84.15%,2.72%,4.12%,253,216,85.38%,237,212,89.45%,2,1,50.00%,13,8,61.54%,496,424,85.48%,65,61,93.85%,197,182,92.39%,299,242,80.94%
2171107639,639,0,1,LM-05,47.71458552,46.90%,52.99%,953,744,78.07%,#N/A,78.07%,#N/A,78.07%,336,291,86.61%,#N/A,86.61%,#N/A,86.61%,471,399,84.71%,482,345,71.58%,15.03%,13.14%,284,240,84.51%,166,144,86.75%,3,3,100.00%,8,6,75.00%,492,351,71.34%,49,48,97.96%,184,156,84.78%,308,195,63.31%
2171107640,640,0,1,LM-05,44.86646884,49.75%,50.25%,1011,727,71.91%,#N/A,71.91%,#N/A,71.91%,406,337,83.00%,#N/A,83.00%,#N/A,83.00%,589,457,77.59%,422,270,63.98%,19.02%,13.61%,346,280,80.92%,117,92,78.63%,1,1,100.00%,17,13,76.47%,530,341,64.34%,59,56,94.92%,242,176,72.73%,288,165,57.29%
2171107641,641,1,1,LM-07,46.28522727,50.91%,48.86%,880,685,77.84%,77.84%,#N/A,#N/A,77.84%,316,281,88.92%,88.92%,#N/A,#N/A,88.92%,433,375,86.61%,447,310,69.35%,19.57%,17.25%,261,227,86.97%,146,121,82.88%,1,1,100.00%,12,8,66.67%,460,328,71.30%,54,53,98.15%,171,147,85.96%,289,181,62.63%
2171107642,642,0,1,LM-07,50.23413897,46.30%,53.63%,1324,1115,84.21%,#N/A,84.21%,#N/A,84.21%,596,538,90.27%,#N/A,90.27%,#N/A,90.27%,763,692,90.69%,561,423,75.40%,14.87%,15.29%,480,427,88.96%,210,172,81.90%,5,3,60.00%,16,14,87.50%,613,499,81.40%,111,108,97.30%,278,262,94.24%,335,237,70.75%
2171107643,643,0,1,LM-06,49.93865741,48.61%,51.04%,864,736,85.19%,#N/A,85.19%,#N/A,85.19%,322,302,93.79%,#N/A,93.79%,#N/A,93.79%,443,408,92.10%,421,328,77.91%,15.88%,14.19%,268,252,94.03%,155,138,89.03%,4,3,75.00%,10,6,60.00%,427,337,78.92%,50,47,94.00%,171,153,89.47%,256,184,71.88%
2171107644,644,0,1,LM-06,51.93865741,49.31%,50.58%,864,755,87.38%,#N/A,87.38%,#N/A,87.38%,331,310,93.66%,#N/A,93.66%,#N/A,93.66%,451,415,92.02%,413,340,82.32%,11.33%,9.69%,258,239,92.64%,146,125,85.62%,1,1,100.00%,3,3,100.00%,456,387,84.87%,72,70,97.22%,192,175,91.15%,264,212,80.30%
2171107645,645,1,1,LM-06,50.12788104,48.33%,51.60%,1345,1122,83.42%,83.42%,#N/A,#N/A,83.42%,561,513,91.44%,91.44%,#N/A,#N/A,91.44%,747,666,89.16%,598,456,76.25%,15.19%,12.90%,424,388,91.51%,226,188,83.19%,4,2,50.00%,9,6,66.67%,682,538,78.89%,133,123,92.48%,319,276,86.52%,363,262,72.18%
2171107646,646,0,1,LM-06,54.126498,48.34%,51.53%,751,689,91.74%,#N/A,91.74%,#N/A,91.74%,250,233,93.20%,#N/A,93.20%,#N/A,93.20%,342,320,93.57%,409,369,90.22%,2.98%,3.35%,208,192,92.31%,161,150,93.17%,0,0,NULL,5,5,100.00%,377,342,90.72%,42,41,97.62%,134,128,95.52%,243,214,88.07%
2171107647,647,1,1,LM-07,45.45092323,48.49%,51.31%,1029,795,77.26%,77.26%,#N/A,#N/A,77.26%,400,341,85.25%,85.25%,#N/A,#N/A,85.25%,559,458,81.93%,470,337,71.70%,13.55%,10.23%,319,268,84.01%,143,121,84.62%,3,2,66.67%,15,9,60.00%,549,395,71.95%,78,71,91.03%,237,188,79.32%,312,207,66.35%
2171107648,648,0,1,LM-07,47.97150997,49.76%,50.24%,1053,857,81.39%,#N/A,81.39%,#N/A,81.39%,421,382,90.74%,#N/A,90.74%,#N/A,90.74%,565,492,87.08%,488,365,74.80%,15.94%,12.28%,347,315,90.78%,146,125,85.62%,1,1,100.00%,14,11,78.57%,545,405,74.31%,73,66,90.41%,217,176,81.11%,328,229,69.82%
2171107649,649,0,1,LM-07,48.58524853,47.73%,52.11%,1871,1417,75.73%,#N/A,75.73%,#N/A,75.73%,679,561,82.62%,#N/A,82.62%,#N/A,82.62%,956,764,79.92%,915,653,71.37%,11.26%,8.55%,569,459,80.67%,308,261,84.74%,9,5,55.56%,30,22,73.33%,955,670,70.16%,101,97,96.04%,378,300,79.37%,577,370,64.12%
2171107650,650,1,1,LM-05,49.88705036,44.96%,54.75%,1390,1004,72.23%,72.23%,#N/A,#N/A,72.23%,462,371,80.30%,80.30%,#N/A,#N/A,80.30%,585,463,79.15%,805,541,67.20%,13.10%,11.94%,395,309,78.23%,268,216,80.60%,5,3,60.00%,20,16,80.00%,702,460,65.53%,62,59,95.16%,185,151,81.62%,517,309,59.77%
2171107651,651,0,1,LM-05,52.75291262,46.31%,53.59%,2060,1838,89.22%,#N/A,89.22%,#N/A,89.22%,781,732,93.73%,#N/A,93.73%,#N/A,93.73%,1044,958,91.76%,1016,880,86.61%,7.11%,5.15%,659,613,93.02%,411,376,91.48%,5,4,80.00%,16,14,87.50%,969,831,85.76%,117,115,98.29%,380,341,89.74%,589,490,83.19%
2171207300,300,1,1,LF-01,47.62781391,47.17%,52.53%,1999,1613,80.69%,80.69%,#N/A,#N/A,80.69%,832,742,89.18%,89.18%,#N/A,#N/A,89.18%,1154,992,85.96%,845,621,73.49%,15.69%,12.47%,626,556,88.82%,269,227,84.39%,6,5,83.33%,15,9,60.00%,1083,816,75.35%,200,181,90.50%,522,431,82.57%,561,385,68.63%
2171207301,301,0,1,LF-01,45.10890052,47.91%,51.99%,1910,1523,79.74%,#N/A,79.74%,#N/A,79.74%,989,873,88.27%,#N/A,88.27%,#N/A,88.27%,1395,1163,83.37%,515,360,69.90%,18.37%,13.47%,722,616,85.32%,168,144,85.71%,3,3,100.00%,16,8,50.00%,1001,752,75.12%,264,254,96.21%,670,544,81.19%,331,208,62.84%
2171207302,302,0,1,LF-01,48.01738241,47.70%,52.15%,1956,1714,87.63%,#N/A,87.63%,#N/A,87.63%,1067,984,92.22%,#N/A,92.22%,#N/A,92.22%,1406,1272,90.47%,550,442,80.36%,11.86%,10.11%,770,707,91.82%,173,149,86.13%,4,2,50.00%,25,22,88.00%,984,834,84.76%,293,275,93.86%,632,563,89.08%,352,271,76.99%
2171207303,303,0,1,LF-01,44.26260504,48.74%,50.95%,952,809,84.98%,#N/A,84.98%,#N/A,84.98%,562,511,90.93%,#N/A,90.93%,#N/A,90.93%,750,654,87.20%,202,155,76.73%,14.19%,10.47%,422,379,89.81%,67,61,91.04%,2,2,100.00%,12,7,58.33%,449,360,80.18%,138,130,94.20%,326,273,83.74%,123,87,70.73%
2171207304,304,0,1,LF-01,49.72996183,50.76%,49.05%,1048,949,90.55%,#N/A,90.55%,#N/A,90.55%,659,624,94.69%,#N/A,94.69%,#N/A,94.69%,822,757,92.09%,226,192,84.96%,9.73%,7.14%,482,451,93.57%,85,77,90.59%,0,0,NULL,5,5,100.00%,476,416,87.39%,177,173,97.74%,340,306,90.00%,136,110,80.88%
2171207305,305,0,1,LF-01,45.61043478,48.26%,51.48%,1150,982,85.39%,#N/A,85.39%,#N/A,85.39%,663,606,91.40%,#N/A,91.40%,#N/A,91.40%,886,777,87.70%,264,205,77.65%,13.75%,10.05%,496,453,91.33%,86,73,84.88%,2,2,100.00%,10,5,50.00%,556,449,80.76%,165,151,91.52%,388,322,82.99%,168,127,75.60%
2171207306,306,0,1,LF-01,49.63557312,46.25%,53.52%,1265,1109,87.67%,#N/A,87.67%,#N/A,87.67%,770,725,94.16%,#N/A,94.16%,#N/A,94.16%,972,878,90.33%,293,231,78.84%,15.32%,11.49%,582,547,93.99%,110,101,91.82%,9,9,100.00%,8,5,62.50%,556,447,80.40%,179,169,94.41%,381,322,84.51%,175,125,71.43%
2171207307,307,0,1,LF-01,42.66954787,47.61%,52.13%,1504,1066,70.88%,#N/A,70.88%,#N/A,70.88%,714,595,83.33%,#N/A,83.33%,#N/A,83.33%,983,762,77.52%,521,304,58.35%,24.98%,19.17%,534,435,81.46%,132,91,68.94%,8,8,100.00%,16,8,50.00%,814,524,64.37%,172,152,88.37%,441,319,72.34%,373,205,54.96%
2171207308,308,0,1,LF-01,48.07174491,49.07%,50.84%,1129,950,84.15%,#N/A,84.15%,#N/A,84.15%,660,607,91.97%,#N/A,91.97%,#N/A,91.97%,820,719,87.68%,309,231,74.76%,17.21%,12.93%,506,460,90.91%,78,69,88.46%,3,2,66.67%,11,9,81.82%,531,410,77.21%,151,145,96.03%,311,257,82.64%,220,153,69.55%
2171207309,309,1,1,LF-02,49.21560403,46.31%,53.61%,1192,1058,88.76%,88.76%,#N/A,#N/A,88.76%,703,664,94.45%,94.45%,#N/A,#N/A,94.45%,893,810,90.71%,299,248,82.94%,11.51%,7.76%,512,478,93.36%,107,97,90.65%,6,4,66.67%,11,9,81.82%,556,470,84.53%,185,182,98.38%,375,328,87.47%,181,142,78.45%
2171207310,310,0,1,LF-02,47.98203977,45.22%,54.71%,1559,1357,87.04%,#N/A,87.04%,#N/A,87.04%,909,838,92.19%,#N/A,92.19%,#N/A,92.19%,1165,1050,90.13%,394,307,77.92%,14.27%,12.21%,682,621,91.06%,155,139,89.68%,7,5,71.43%,12,5,41.67%,703,587,83.50%,220,212,96.36%,476,424,89.08%,227,163,71.81%
2171207311,311,0,1,LF-02,51.53604651,44.88%,55.12%,860,730,84.88%,#N/A,84.88%,#N/A,84.88%,523,482,92.16%,#N/A,92.16%,#N/A,92.16%,675,590,87.41%,185,140,75.68%,16.48%,11.73%,381,353,92.65%,74,62,83.78%,4,3,75.00%,3,3,100.00%,398,309,77.64%,138,126,91.30%,290,234,80.69%,108,75,69.44%
2171207312,312,0,1,LF-02,52.97741095,47.52%,52.30%,1151,1037,90.10%,#N/A,90.10%,#N/A,90.10%,622,580,93.25%,#N/A,93.25%,#N/A,93.25%,790,730,92.41%,361,307,85.04%,8.21%,7.36%,451,416,92.24%,151,137,90.73%,4,4,100.00%,2,2,100.00%,543,478,88.03%,167,160,95.81%,335,310,92.54%,208,168,80.77%
2171207313,313,0,1,LF-02,50.24169184,49.40%,50.53%,1324,1222,92.30%,#N/A,92.30%,#N/A,92.30%,788,747,94.80%,#N/A,94.80%,#N/A,94.80%,963,909,94.39%,361,313,86.70%,8.09%,7.69%,586,551,94.03%,132,120,90.91%,2,2,100.00%,10,7,70.00%,594,542,91.25%,200,194,97.00%,375,356,94.93%,219,186,84.93%
2171207314,314,0,1,LF-02,49.44387097,47.81%,52.06%,1550,1408,90.84%,#N/A,90.84%,#N/A,90.84%,911,850,93.30%,#N/A,93.30%,#N/A,93.30%,1148,1060,92.33%,402,348,86.57%,6.74%,5.77%,671,627,93.44%,119,109,91.60%,4,3,75.00%,3,3,100.00%,753,666,88.45%,236,220,93.22%,473,430,90.91%,280,236,84.29%
2171207315,315,0,1,LF-02,52.80796253,48.01%,51.99%,854,777,90.98%,#N/A,90.98%,#N/A,90.98%,467,433,92.72%,#N/A,92.72%,#N/A,92.72%,585,540,92.31%,269,237,88.10%,4.62%,4.20%,329,299,90.88%,105,98,93.33%,2,2,100.00%,3,3,100.00%,415,375,90.36%,136,132,97.06%,254,239,94.09%,161,136,84.47%
2171207316,316,0,1,LF-02,51.95152871,49.52%,50.34%,1341,1220,90.98%,#N/A,90.98%,#N/A,90.98%,659,617,93.63%,#N/A,93.63%,#N/A,93.63%,823,768,93.32%,518,452,87.26%,6.37%,6.06%,493,461,93.51%,218,202,92.66%,1,0,0.00%,13,12,92.31%,616,545,88.47%,165,156,94.55%,329,307,93.31%,287,238,82.93%
2171907400,400,0,1,ER-01,44.59192825,47.57%,52.30%,2453,2173,88.59%,#N/A,88.59%,#N/A,88.59%,1078,1011,93.78%,#N/A,93.78%,#N/A,93.78%,1491,1372,92.02%,962,801,83.26%,10.52%,8.75%,798,745,93.36%,339,304,89.68%,3,3,100.00%,11,9,81.82%,1302,1112,85.41%,277,263,94.95%,690,624,90.43%,612,488,79.74%
2171907401,401,0,1,ER-01,46.83513839,48.98%,50.78%,1662,1443,86.82%,#N/A,86.82%,#N/A,86.82%,749,694,92.66%,#N/A,92.66%,#N/A,92.66%,1007,922,91.56%,655,521,79.54%,13.11%,12.02%,566,521,92.05%,239,208,87.03%,6,4,66.67%,8,7,87.50%,843,703,83.39%,177,169,95.48%,435,397,91.26%,408,306,75.00%
2171907402,402,0,1,ER-01,47.51401869,48.80%,51.07%,1498,1368,91.32%,#N/A,91.32%,#N/A,91.32%,645,610,94.57%,#N/A,94.57%,#N/A,94.57%,885,834,94.24%,613,534,87.11%,7.46%,7.12%,454,423,93.17%,205,192,93.66%,0,0,NULL,7,7,100.00%,832,746,89.66%,191,187,97.91%,431,411,95.36%,401,335,83.54%
2171907403,403,0,1,ER-01,47.7350033,48.38%,51.42%,1517,1319,86.95%,#N/A,86.95%,#N/A,86.95%,629,593,94.28%,#N/A,94.28%,#N/A,94.28%,884,815,92.19%,633,504,79.62%,14.66%,12.57%,483,457,94.62%,203,179,88.18%,0,0,NULL,14,11,78.57%,817,672,82.25%,146,136,93.15%,401,358,89.28%,416,314,75.48%
2171907404,404,0,1,ER-01,46.68174561,49.60%,50.19%,1879,1652,87.92%,#N/A,87.92%,#N/A,87.92%,772,717,92.88%,#N/A,92.88%,#N/A,92.88%,1015,931,91.72%,864,721,83.45%,9.43%,8.28%,596,548,91.95%,306,274,89.54%,4,4,100.00%,17,14,82.35%,956,812,84.94%,172,165,95.93%,415,379,91.33%,541,433,80.04%
2171907405,405,0,1,ER-01,52.5547562,49.96%,50.04%,1251,1123,89.77%,#N/A,89.77%,#N/A,89.77%,478,448,93.72%,#N/A,93.72%,#N/A,93.72%,660,616,93.33%,591,507,85.79%,7.94%,7.55%,375,348,92.80%,221,206,93.21%,0,0,NULL,12,8,66.67%,643,561,87.25%,103,100,97.09%,285,268,94.04%,358,293,81.84%
2171907406,406,0,1,ER-01,47.30295995,48.46%,51.54%,1723,1525,88.51%,#N/A,88.51%,#N/A,88.51%,586,555,94.71%,#N/A,94.71%,#N/A,94.71%,805,757,94.04%,918,768,83.66%,11.05%,10.38%,484,457,94.42%,330,291,88.18%,3,2,66.67%,17,15,88.24%,889,760,85.49%,99,96,96.97%,318,298,93.71%,571,462,80.91%
2171907407,407,0,0,ER-01,55.62105263,50.95%,48.63%,475,408,85.89%,#N/A,85.89%,85.89%,#N/A,172,156,90.70%,#N/A,90.70%,90.70%,#N/A,219,198,90.41%,256,210,82.03%,8.67%,8.38%,146,130,89.04%,111,98,88.29%,2,2,100.00%,9,9,100.00%,207,169,81.64%,24,24,100.00%,71,66,92.96%,136,103,75.74%
2171907408,408,1,0,ER-01,54.06785137,50.08%,49.92%,619,551,89.01%,89.01%,#N/A,89.01%,#N/A,190,182,95.79%,95.79%,#N/A,95.79%,#N/A,291,269,92.44%,328,282,85.98%,9.81%,6.46%,153,146,95.42%,139,126,90.65%,1,0,0.00%,5,5,100.00%,321,274,85.36%,36,36,100.00%,137,123,89.78%,184,151,82.07%
2171907619,619,0,1,LM-04,49.51849807,49.42%,50.47%,1811,1546,85.37%,#N/A,85.37%,#N/A,85.37%,675,612,90.67%,#N/A,90.67%,#N/A,90.67%,897,805,89.74%,914,741,81.07%,9.59%,8.67%,533,480,90.06%,397,356,89.67%,1,0,0.00%,11,10,90.91%,869,700,80.55%,141,132,93.62%,363,325,89.53%,506,375,74.11%
2171907620,620,0,1,LM-04,49.95560488,45.67%,54.16%,1802,1525,84.63%,#N/A,84.63%,#N/A,84.63%,650,602,92.62%,#N/A,92.62%,#N/A,92.62%,921,841,91.31%,881,684,77.64%,14.98%,13.67%,504,460,91.27%,316,270,85.44%,8,6,75.00%,15,13,86.67%,959,776,80.92%,138,136,98.55%,409,375,91.69%,550,401,72.91%
2171907621,621,0,1,LM-04,46.32831001,49.62%,50.27%,929,809,87.08%,#N/A,87.08%,#N/A,87.08%,282,262,92.91%,#N/A,92.91%,#N/A,92.91%,428,392,91.59%,501,417,83.23%,9.67%,8.36%,235,218,92.77%,185,176,95.14%,1,1,100.00%,8,7,87.50%,500,407,81.40%,46,43,93.48%,192,173,90.10%,308,234,75.97%
2171907635,635,0,1,LM-04,51.16178862,46.59%,53.25%,1230,1054,85.69%,#N/A,85.69%,#N/A,85.69%,479,445,92.90%,#N/A,92.90%,#N/A,92.90%,628,575,91.56%,602,479,79.57%,13.33%,11.99%,362,331,91.44%,236,211,89.41%,2,2,100.00%,7,5,71.43%,623,505,81.06%,115,112,97.39%,264,242,91.67%,359,263,73.26%
2171907636,636,0,1,LM-04,49.78626489,47.58%,52.35%,1427,1246,87.32%,#N/A,87.32%,#N/A,87.32%,523,489,93.50%,#N/A,93.50%,#N/A,93.50%,719,662,92.07%,708,584,82.49%,11.01%,9.59%,411,382,92.94%,284,254,89.44%,2,1,50.00%,10,5,50.00%,720,604,83.89%,110,106,96.36%,306,279,91.18%,414,325,78.50%
2171907637,637,0,1,LM-04,54.70097357,47.22%,52.50%,1438,1292,89.85%,#N/A,89.85%,#N/A,89.85%,513,483,94.15%,#N/A,94.15%,#N/A,94.15%,672,626,93.15%,766,666,86.95%,7.21%,6.21%,418,393,94.02%,340,315,92.65%,2,0,0.00%,11,8,72.73%,667,576,86.36%,93,90,96.77%,252,233,92.46%,415,343,82.65%
2181007800,800,1,1,GN-01,45.91730038,49.81%,50.10%,1052,920,87.45%,87.45%,#N/A,#N/A,87.45%,599,553,92.32%,92.32%,#N/A,#N/A,92.32%,782,705,90.15%,270,215,79.63%,12.69%,10.52%,395,360,91.14%,97,89,91.75%,1,1,100.00%,4,3,75.00%,555,467,84.14%,203,192,94.58%,386,344,89.12%,169,123,72.78%
2181007801,801,0,1,GN-01,42.75107296,45.28%,54.72%,466,403,86.48%,#N/A,86.48%,#N/A,86.48%,275,250,90.91%,#N/A,90.91%,#N/A,90.91%,406,365,89.90%,60,38,63.33%,27.58%,26.57%,186,169,90.86%,19,15,78.95%,1,1,100.00%,2,1,50.00%,258,217,84.11%,88,80,90.91%,219,195,89.04%,39,22,56.41%
2181007802,802,0,0,BO-11,52.52699229,49.53%,50.47%,1167,1043,89.37%,#N/A,89.37%,89.37%,#N/A,726,678,93.39%,#N/A,93.39%,93.39%,#N/A,899,823,91.55%,268,220,82.09%,11.30%,9.46%,556,514,92.45%,115,104,90.43%,0,0,NULL,8,7,87.50%,488,418,85.66%,170,164,96.47%,343,309,90.09%,145,109,75.17%
2181007803,803,0,1,BO-10,43.97822785,46.73%,52.81%,1975,1547,78.33%,#N/A,78.33%,#N/A,78.33%,1275,1130,88.63%,#N/A,88.63%,#N/A,88.63%,1763,1420,80.54%,212,127,59.91%,28.72%,20.64%,932,822,88.20%,78,54,69.23%,4,3,75.00%,9,8,88.89%,952,660,69.33%,339,305,89.97%,827,595,71.95%,125,65,52.00%
2181007806,806,0,1,BO-10,50.30040161,50.36%,49.56%,1245,1121,90.04%,#N/A,90.04%,#N/A,90.04%,929,867,93.33%,#N/A,93.33%,#N/A,93.33%,1116,1011,90.59%,129,110,85.27%,8.05%,5.32%,696,653,93.82%,58,52,89.66%,7,7,100.00%,10,6,60.00%,474,403,85.02%,226,207,91.59%,413,351,84.99%,61,52,85.25%
2181007807,807,0,1,BO-10,52.3032491,46.39%,53.43%,1108,981,88.54%,#N/A,88.54%,#N/A,88.54%,769,718,93.37%,#N/A,93.37%,#N/A,93.37%,945,850,89.95%,163,131,80.37%,13.00%,9.58%,564,525,93.09%,72,59,81.94%,3,3,100.00%,5,2,40.00%,464,392,84.48%,202,190,94.06%,378,322,85.19%,86,70,81.40%
2181007808,808,0,1,BO-10,49.1,50.21%,49.57%,1400,1250,89.29%,#N/A,89.29%,#N/A,89.29%,955,883,92.46%,#N/A,92.46%,#N/A,92.46%,1209,1090,90.16%,191,160,83.77%,8.69%,6.39%,691,631,91.32%,86,76,88.37%,4,4,100.00%,6,4,66.67%,613,535,87.28%,260,248,95.38%,514,455,88.52%,99,80,80.81%
2181007809,809,0,1,BO-11,46.54915004,49.59%,50.04%,1353,1144,84.55%,#N/A,84.55%,#N/A,84.55%,867,789,91.00%,#N/A,91.00%,#N/A,91.00%,1147,986,85.96%,206,158,76.70%,14.30%,9.26%,608,550,90.46%,77,64,83.12%,8,8,100.00%,12,10,83.33%,648,512,79.01%,251,231,92.03%,531,428,80.60%,117,84,71.79%
2181007810,810,0,1,BO-08,41.11336032,49.53%,50.34%,741,616,83.13%,#N/A,83.13%,#N/A,83.13%,477,428,89.73%,#N/A,89.73%,#N/A,89.73%,648,554,85.49%,93,62,66.67%,23.06%,18.83%,348,309,88.79%,23,19,82.61%,1,0,0.00%,7,4,57.14%,362,284,78.45%,128,119,92.97%,299,245,81.94%,63,39,61.90%
2181007811,811,0,1,BO-09,44.31633617,46.74%,53.07%,1059,909,85.84%,#N/A,85.84%,#N/A,85.84%,732,672,91.80%,#N/A,91.80%,#N/A,91.80%,923,811,87.87%,136,98,72.06%,19.74%,15.81%,524,488,93.13%,56,40,71.43%,4,3,75.00%,7,5,71.43%,468,373,79.70%,204,181,88.73%,395,320,81.01%,73,53,72.60%
2181007812,812,0,1,BO-09,53.52527744,50.06%,49.82%,811,725,89.40%,#N/A,89.40%,#N/A,89.40%,596,559,93.79%,#N/A,93.79%,#N/A,93.79%,683,620,90.78%,128,105,82.03%,11.76%,8.74%,422,393,93.13%,58,54,93.10%,1,0,0.00%,7,3,42.86%,323,275,85.14%,173,166,95.95%,260,227,87.31%,63,48,76.19%
2181007813,813,0,1,BO-09,51.38401559,49.22%,50.49%,1026,917,89.38%,#N/A,89.38%,#N/A,89.38%,763,699,91.61%,#N/A,91.61%,#N/A,91.61%,916,817,89.19%,110,100,90.91%,0.70%,-1.72%,535,493,92.15%,57,54,94.74%,6,3,50.00%,4,3,75.00%,424,364,85.85%,222,203,91.44%,375,321,85.60%,49,43,87.76%
2181007816,816,0,1,BO-09,48.62275449,48.43%,51.42%,1336,1169,87.50%,#N/A,87.50%,#N/A,87.50%,950,880,92.63%,#N/A,92.63%,#N/A,92.63%,1182,1044,88.32%,154,125,81.17%,11.46%,7.16%,682,627,91.94%,59,51,86.44%,3,1,33.33%,8,5,62.50%,584,485,83.05%,265,252,95.09%,497,416,83.70%,87,69,79.31%
2181007817,817,0,1,BO-08,46.1571831,49.35%,50.25%,1775,1536,86.54%,#N/A,86.54%,#N/A,86.54%,1305,1193,91.42%,#N/A,91.42%,#N/A,91.42%,1582,1385,87.55%,193,151,78.24%,13.18%,9.31%,918,833,90.74%,77,64,83.12%,5,4,80.00%,8,4,50.00%,767,631,82.27%,382,356,93.19%,659,548,83.16%,108,83,76.85%
2181007818,818,1,1,BO-08,43.2817066,51.37%,48.39%,1711,1296,75.75%,75.75%,#N/A,#N/A,75.75%,1095,922,84.20%,84.20%,#N/A,#N/A,84.20%,1483,1145,77.21%,228,151,66.23%,17.97%,10.98%,724,610,84.25%,103,81,78.64%,6,4,66.67%,15,9,60.00%,863,592,68.60%,365,308,84.38%,753,531,70.52%,110,61,55.45%
2181007819,819,0,1,BO-11,46.52692778,49.33%,50.37%,1634,1372,83.97%,#N/A,83.97%,#N/A,83.97%,1110,1007,90.72%,#N/A,90.72%,#N/A,90.72%,1411,1210,85.75%,223,162,72.65%,18.07%,13.11%,735,665,90.48%,70,52,74.29%,6,3,50.00%,11,7,63.64%,812,645,79.43%,369,339,91.87%,670,542,80.90%,142,103,72.54%
2181007820,820,0,1,BO-08,42.14887307,54.33%,45.37%,1686,1351,80.13%,#N/A,80.13%,#N/A,80.13%,976,871,89.24%,#N/A,89.24%,#N/A,89.24%,1388,1157,83.36%,298,194,65.10%,24.14%,18.26%,683,604,88.43%,106,73,68.87%,5,4,80.00%,18,13,72.22%,874,657,75.17%,288,263,91.32%,700,549,78.43%,174,108,62.07%
2181007821,821,0,1,BO-08,49.10291439,49.27%,50.36%,1098,904,82.33%,#N/A,82.33%,#N/A,82.33%,757,680,89.83%,#N/A,89.83%,#N/A,89.83%,961,820,85.33%,137,84,61.31%,28.51%,24.01%,545,489,89.72%,47,31,65.96%,8,6,75.00%,10,4,40.00%,488,374,76.64%,204,185,90.69%,408,325,79.66%,80,49,61.25%
2181007822,822,0,1,BO-07,43.39252995,48.56%,51.09%,1419,1238,87.24%,#N/A,87.24%,#N/A,87.24%,967,865,89.45%,#N/A,89.45%,#N/A,89.45%,1246,1094,87.80%,173,144,83.24%,6.21%,4.56%,680,602,88.53%,56,51,91.07%,10,7,70.00%,8,6,75.00%,665,572,86.02%,277,256,92.42%,556,485,87.23%,109,87,79.82%
2181007823,823,0,1,BO-07,35.39357798,53.39%,45.14%,1090,850,77.98%,#N/A,77.98%,#N/A,77.98%,604,488,80.79%,#N/A,80.79%,#N/A,80.79%,920,726,78.91%,170,124,72.94%,7.85%,5.97%,442,350,79.19%,36,26,72.22%,8,5,62.50%,16,9,56.25%,588,460,78.23%,154,133,86.36%,470,371,78.94%,118,89,75.42%
2181007824,824,0,1,BO-07,40.7653277,47.99%,51.48%,946,736,77.80%,#N/A,77.80%,#N/A,77.80%,588,494,84.01%,#N/A,84.01%,#N/A,84.01%,801,636,79.40%,145,100,68.97%,15.05%,10.44%,428,350,81.78%,43,33,76.74%,7,6,85.71%,7,4,57.14%,461,343,74.40%,153,138,90.20%,366,280,76.50%,95,63,66.32%
2181007825,825,0,1,BO-07,48.3311138,47.58%,52.06%,1652,1478,89.47%,#N/A,89.47%,#N/A,89.47%,1271,1168,91.90%,#N/A,91.90%,#N/A,91.90%,1495,1343,89.83%,157,135,85.99%,5.91%,3.85%,860,795,92.44%,57,54,94.74%,2,2,100.00%,6,5,83.33%,727,622,85.56%,409,371,90.71%,633,546,86.26%,94,76,80.85%
2181007826,826,0,1,BO-07,44.73148148,54.05%,45.60%,864,717,82.99%,#N/A,82.99%,#N/A,82.99%,608,543,89.31%,#N/A,89.31%,#N/A,89.31%,765,652,85.23%,99,65,65.66%,23.65%,19.57%,423,376,88.89%,24,16,66.67%,6,5,83.33%,4,2,50.00%,407,318,78.13%,179,162,90.50%,336,271,80.65%,71,47,66.20%
2181007829,829,0,1,BO-05,38.45460894,46.72%,52.72%,1432,1000,69.83%,#N/A,69.83%,#N/A,69.83%,837,656,78.38%,#N/A,78.38%,#N/A,78.38%,1133,851,75.11%,299,149,49.83%,28.54%,25.28%,672,510,75.89%,93,44,47.31%,4,2,50.00%,21,7,33.33%,642,437,68.07%,161,144,89.44%,457,339,74.18%,185,98,52.97%
2181007830,830,0,1,BO-02,51.9587156,47.77%,51.97%,1526,1299,85.12%,#N/A,85.12%,#N/A,85.12%,1059,960,90.65%,#N/A,90.65%,#N/A,90.65%,1320,1143,86.59%,206,156,75.73%,14.92%,10.86%,779,698,89.60%,100,83,83.00%,4,4,100.00%,7,1,14.29%,636,513,80.66%,276,258,93.48%,537,441,82.12%,99,72,72.73%
2181007831,831,0,1,BO-05,29.73211169,50.35%,47.56%,1146,645,56.28%,#N/A,56.28%,#N/A,56.28%,521,321,61.61%,#N/A,61.61%,#N/A,61.61%,817,485,59.36%,329,160,48.63%,12.98%,10.73%,465,275,59.14%,112,61,54.46%,7,5,71.43%,17,6,35.29%,545,298,54.68%,49,41,83.67%,345,205,59.42%,200,93,46.50%
2181007832,832,0,1,BO-05,36.40645161,47.18%,51.21%,1240,899,72.50%,#N/A,72.50%,#N/A,72.50%,716,546,76.26%,#N/A,76.26%,#N/A,76.26%,945,722,76.40%,295,177,60.00%,16.26%,16.40%,568,415,73.06%,82,47,57.32%,6,3,50.00%,11,5,45.45%,573,429,74.87%,142,128,90.14%,371,304,81.94%,202,125,61.88%
2181007833,833,0,1,BO-05,38.49015317,52.66%,46.46%,1371,1033,75.35%,#N/A,75.35%,#N/A,75.35%,721,597,82.80%,#N/A,82.80%,#N/A,82.80%,1058,829,78.36%,313,204,65.18%,17.63%,13.18%,577,482,83.54%,84,53,63.10%,9,5,55.56%,17,10,58.82%,684,483,70.61%,135,110,81.48%,472,342,72.46%,212,141,66.51%
2181007834,834,0,1,BO-04,37.94883303,49.64%,50.09%,1114,916,82.23%,#N/A,82.23%,#N/A,82.23%,678,591,87.17%,#N/A,87.17%,#N/A,87.17%,911,769,84.41%,203,147,72.41%,14.75%,12.00%,487,419,86.04%,53,43,81.13%,9,7,77.78%,10,7,70.00%,555,440,79.28%,182,165,90.66%,415,343,82.65%,140,97,69.29%
2181007835,835,0,1,BO-04,49.73529412,49.35%,50.33%,612,536,87.58%,#N/A,87.58%,#N/A,87.58%,433,391,90.30%,#N/A,90.30%,#N/A,90.30%,533,465,87.24%,79,71,89.87%,0.43%,-2.63%,299,267,89.30%,34,33,97.06%,0,0,NULL,3,2,66.67%,276,234,84.78%,134,124,92.54%,234,198,84.62%,42,36,85.71%
2181007836,836,0,1,BO-04,46.00318979,49.92%,49.44%,627,537,85.65%,#N/A,85.65%,#N/A,85.65%,420,383,91.19%,#N/A,91.19%,#N/A,91.19%,540,472,87.41%,87,65,74.71%,16.48%,12.69%,263,239,90.87%,32,26,81.25%,2,2,100.00%,2,2,100.00%,328,268,81.71%,155,142,91.61%,275,231,84.00%,53,37,69.81%
2181007837,837,0,1,BO-04,50.60332871,49.10%,50.76%,721,637,88.35%,#N/A,88.35%,#N/A,88.35%,475,441,92.84%,#N/A,92.84%,#N/A,92.84%,613,548,89.40%,108,89,82.41%,10.43%,6.99%,344,319,92.73%,40,34,85.00%,1,1,100.00%,6,5,83.33%,330,278,84.24%,130,121,93.08%,268,228,85.07%,62,50,80.65%
2181007838,838,0,1,BO-04,51.4987234,50.47%,49.28%,1175,1037,88.26%,#N/A,88.26%,#N/A,88.26%,787,722,91.74%,#N/A,91.74%,#N/A,91.74%,978,878,89.78%,197,159,80.71%,11.03%,9.06%,592,547,92.40%,70,60,85.71%,1,1,100.00%,5,3,60.00%,507,426,84.02%,194,174,89.69%,385,330,85.71%,122,96,78.69%
2181007839,839,0,1,BO-04,48.99693487,50.57%,49.20%,1305,1141,87.43%,#N/A,87.43%,#N/A,87.43%,957,868,90.70%,#N/A,90.70%,#N/A,90.70%,1148,1008,87.80%,157,133,84.71%,5.99%,3.09%,640,587,91.72%,64,54,84.38%,2,1,50.00%,10,6,60.00%,589,493,83.70%,315,280,88.89%,506,420,83.00%,83,73,87.95%
2181007840,840,0,1,BO-04,55.17763905,46.88%,52.89%,1762,1536,87.17%,#N/A,87.17%,#N/A,87.17%,1264,1164,92.09%,#N/A,92.09%,#N/A,92.09%,1540,1363,88.51%,222,173,77.93%,14.16%,10.58%,904,836,92.48%,107,90,84.11%,6,5,83.33%,13,9,69.23%,732,596,81.42%,354,323,91.24%,630,522,82.86%,102,74,72.55%
2181007841,841,0,1,BO-04,33.71773347,56.45%,42.39%,953,732,76.81%,#N/A,76.81%,#N/A,76.81%,546,460,84.25%,#N/A,84.25%,#N/A,84.25%,780,615,78.85%,173,117,67.63%,16.62%,11.22%,412,347,84.22%,55,35,63.64%,4,3,75.00%,10,7,70.00%,472,340,72.03%,130,110,84.62%,364,265,72.80%,108,75,69.44%
2181007842,842,0,1,BO-03,45.69131833,47.48%,51.55%,933,783,83.92%,#N/A,83.92%,#N/A,83.92%,576,502,87.15%,#N/A,87.15%,#N/A,87.15%,715,616,86.15%,218,167,76.61%,10.55%,9.55%,425,366,86.12%,81,64,79.01%,4,2,50.00%,4,2,50.00%,419,349,83.29%,147,134,91.16%,286,248,86.71%,133,101,75.94%
2181007843,843,0,1,BO-03,41.23659306,53.31%,46.21%,1268,1023,80.68%,#N/A,80.68%,#N/A,80.68%,889,765,86.05%,#N/A,86.05%,#N/A,86.05%,1137,931,81.88%,131,92,70.23%,15.82%,11.65%,588,503,85.54%,38,27,71.05%,9,6,66.67%,3,2,66.67%,630,485,76.98%,292,256,87.67%,540,422,78.15%,90,63,70.00%
2181007846,846,0,1,BO-03,45.69948187,50.52%,49.48%,772,685,88.73%,#N/A,88.73%,#N/A,88.73%,596,553,92.79%,#N/A,92.79%,#N/A,92.79%,697,625,89.67%,75,60,80.00%,12.79%,9.67%,429,401,93.47%,29,25,86.21%,2,1,50.00%,2,2,100.00%,310,256,82.58%,165,151,91.52%,266,223,83.83%,44,33,75.00%
2181007847,847,0,1,BO-03,41.28619529,57.58%,42.20%,891,668,74.97%,#N/A,74.97%,#N/A,74.97%,562,468,83.27%,#N/A,83.27%,#N/A,83.27%,757,579,76.49%,134,89,66.42%,16.86%,10.07%,395,330,83.54%,40,28,70.00%,5,5,100.00%,8,6,75.00%,443,299,67.49%,162,133,82.10%,357,244,68.35%,86,55,63.95%
2181007848,848,0,1,BO-04,43.47354497,55.95%,43.78%,756,582,76.98%,#N/A,76.98%,#N/A,76.98%,450,391,86.89%,#N/A,86.89%,#N/A,86.89%,638,500,78.37%,118,82,69.49%,17.40%,8.88%,323,275,85.14%,37,29,78.38%,1,1,100.00%,11,7,63.64%,384,270,70.31%,126,115,91.27%,314,224,71.34%,70,46,65.71%
2181007849,849,0,1,BO-04,42.28197946,51.91%,47.90%,1071,909,84.87%,#N/A,84.87%,#N/A,84.87%,696,634,91.09%,#N/A,91.09%,#N/A,91.09%,909,790,86.91%,162,119,73.46%,17.64%,13.45%,460,412,89.57%,59,46,77.97%,0,0,NULL,1,1,100.00%,551,450,81.67%,236,222,94.07%,449,378,84.19%,102,72,70.59%
2181007850,850,0,1,BO-03,45.52012149,48.22%,51.71%,1317,1123,85.27%,#N/A,85.27%,#N/A,85.27%,955,874,91.52%,#N/A,91.52%,#N/A,91.52%,1178,1019,86.50%,139,104,74.82%,16.70%,11.68%,650,594,91.38%,52,36,69.23%,11,9,81.82%,13,11,84.62%,591,473,80.03%,294,271,92.18%,517,416,80.46%,74,57,77.03%
2181007851,851,0,1,BO-03,42.87417219,56.13%,43.54%,604,497,82.28%,#N/A,82.28%,#N/A,82.28%,430,379,88.14%,#N/A,88.14%,#N/A,88.14%,534,446,83.52%,70,51,72.86%,15.28%,10.66%,305,268,87.87%,30,24,80.00%,4,1,25.00%,4,4,100.00%,261,200,76.63%,121,110,90.91%,225,177,78.67%,36,23,63.89%
2181207100,100,0,1,SU-01,46.80888031,48.33%,51.61%,1554,1333,85.78%,#N/A,85.78%,#N/A,85.78%,672,604,89.88%,#N/A,89.88%,#N/A,89.88%,911,801,87.93%,643,532,82.74%,7.14%,5.19%,513,447,87.13%,238,221,92.86%,3,3,100.00%,8,6,75.00%,792,656,82.83%,156,154,98.72%,395,351,88.86%,397,305,76.83%
2181207101,101,0,1,SU-01,44.26058394,50.66%,49.20%,1370,1202,87.74%,#N/A,87.74%,#N/A,87.74%,651,595,91.40%,#N/A,91.40%,#N/A,91.40%,923,824,89.27%,447,378,84.56%,6.83%,4.71%,498,449,90.16%,145,130,89.66%,1,1,100.00%,15,14,93.33%,711,608,85.51%,152,145,95.39%,424,374,88.21%,287,234,81.53%
2181207102,102,0,1,SU-01,38.90041494,47.30%,52.53%,1205,948,78.67%,#N/A,78.67%,#N/A,78.67%,516,449,87.02%,#N/A,87.02%,#N/A,87.02%,786,639,81.30%,419,309,73.75%,13.27%,7.55%,384,327,85.16%,102,86,84.31%,3,2,66.67%,18,15,83.33%,698,518,74.21%,129,120,93.02%,399,310,77.69%,299,208,69.57%
2181207103,103,0,1,SU-01,46.38545151,50.84%,49.00%,1196,1029,86.04%,#N/A,86.04%,#N/A,86.04%,528,464,87.88%,#N/A,87.88%,#N/A,87.88%,708,615,86.86%,488,414,84.84%,3.04%,2.03%,372,314,84.41%,154,143,92.86%,1,1,100.00%,14,13,92.86%,655,558,85.19%,155,149,96.13%,335,300,89.55%,320,258,80.63%
2181207104,104,0,1,SU-01,45.58222222,50.67%,49.16%,1125,1006,89.42%,#N/A,89.42%,#N/A,89.42%,486,450,92.59%,#N/A,92.59%,#N/A,92.59%,672,619,92.11%,453,387,85.43%,7.16%,6.68%,346,315,91.04%,174,161,92.53%,0,0,NULL,6,6,100.00%,599,524,87.48%,140,135,96.43%,326,304,93.25%,273,220,80.59%
2181207105,105,0,1,SU-01,46.61268473,50.92%,48.95%,1624,1448,89.16%,#N/A,89.16%,#N/A,89.16%,841,780,92.75%,#N/A,92.75%,#N/A,92.75%,1134,1035,91.27%,490,413,84.29%,8.46%,6.98%,587,539,91.82%,157,141,89.81%,5,4,80.00%,10,6,60.00%,865,758,87.63%,249,237,95.18%,542,492,90.77%,323,266,82.35%
2181207106,106,0,0,SU-01,44.4085494,48.84%,51.09%,1427,1280,89.70%,#N/A,89.70%,89.70%,#N/A,718,674,93.87%,#N/A,93.87%,93.87%,#N/A,1039,949,91.34%,388,331,85.31%,8.56%,6.03%,520,484,93.08%,112,106,94.64%,1,1,100.00%,13,11,84.62%,781,678,86.81%,197,189,95.94%,518,464,89.58%,263,214,81.37%
2181207200,200,0,1,LV-01,51.66580977,48.93%,50.99%,1167,1069,91.60%,#N/A,91.60%,#N/A,91.60%,639,607,94.99%,#N/A,94.99%,#N/A,94.99%,849,797,93.88%,318,272,85.53%,9.46%,8.34%,477,450,94.34%,108,98,90.74%,1,1,100.00%,5,5,100.00%,576,515,89.41%,161,156,96.89%,371,346,93.26%,205,169,82.44%
2181207201,201,0,1,LV-01,49.26860254,48.82%,51.09%,1102,958,86.93%,#N/A,86.93%,#N/A,86.93%,545,504,92.48%,#N/A,92.48%,#N/A,92.48%,735,659,89.66%,367,299,81.47%,11.01%,8.19%,431,397,92.11%,103,94,91.26%,0,0,NULL,8,4,50.00%,560,463,82.68%,114,107,93.86%,304,262,86.18%,256,201,78.52%
2181207202,202,1,1,LV-01,49.77763329,49.67%,50.33%,769,712,92.59%,92.59%,#N/A,#N/A,92.59%,498,463,92.97%,92.97%,#N/A,#N/A,92.97%,611,569,93.13%,158,143,90.51%,2.47%,2.62%,352,328,93.18%,57,55,96.49%,2,2,100.00%,2,2,100.00%,356,325,91.29%,144,133,92.36%,257,239,93.00%,99,86,86.87%
2181207203,203,0,1,LV-01,47.73411017,49.58%,50.32%,944,848,89.83%,#N/A,89.83%,#N/A,89.83%,534,496,92.88%,#N/A,92.88%,#N/A,92.88%,708,647,91.38%,236,201,85.17%,7.71%,6.21%,396,364,91.92%,87,80,91.95%,5,4,80.00%,2,2,100.00%,454,398,87.67%,133,128,96.24%,307,279,90.88%,147,119,80.95%
2181207204,204,0,1,LV-01,49.61583387,47.18%,52.63%,1541,1398,90.72%,#N/A,90.72%,#N/A,90.72%,946,888,93.87%,#N/A,93.87%,#N/A,93.87%,1204,1111,92.28%,337,287,85.16%,8.71%,7.11%,673,629,93.46%,111,98,88.29%,1,1,100.00%,6,5,83.33%,750,665,88.67%,272,258,94.85%,530,481,90.75%,220,184,83.64%
2181207205,205,0,1,LV-02,48.41210375,47.93%,51.97%,1041,950,91.26%,#N/A,91.26%,#N/A,91.26%,638,608,95.30%,#N/A,95.30%,#N/A,95.30%,811,751,92.60%,230,199,86.52%,8.78%,6.08%,487,463,95.07%,64,60,93.75%,5,3,60.00%,12,8,66.67%,473,416,87.95%,146,142,97.26%,319,285,89.34%,154,131,85.06%
2181207206,206,0,1,LV-01,48.29909091,48.55%,51.36%,1100,1003,91.18%,#N/A,91.18%,#N/A,91.18%,716,680,94.97%,#N/A,94.97%,#N/A,94.97%,897,825,91.97%,203,178,87.68%,7.29%,4.29%,535,504,94.21%,67,61,91.04%,1,1,100.00%,8,7,87.50%,489,430,87.93%,180,175,97.22%,361,320,88.64%,128,110,85.94%
2181207207,207,0,1,LV-01,49.93235482,49.27%,50.61%,1567,1448,92.41%,#N/A,92.41%,#N/A,92.41%,968,922,95.25%,#N/A,95.25%,#N/A,95.25%,1181,1111,94.07%,386,337,87.31%,7.94%,6.77%,698,660,94.56%,150,139,92.67%,1,1,100.00%,3,2,66.67%,715,646,90.35%,269,261,97.03%,482,450,93.36%,233,196,84.12%
2181207208,208,0,1,LV-02,49.36288089,50.97%,48.94%,1083,929,85.78%,#N/A,85.78%,#N/A,85.78%,598,549,91.81%,#N/A,91.81%,#N/A,91.81%,752,681,90.56%,331,248,74.92%,16.88%,15.63%,455,413,90.77%,105,96,91.43%,2,2,100.00%,4,3,75.00%,517,415,80.27%,141,134,95.04%,295,266,90.17%,222,149,67.12%
2181207209,209,0,1,LV-02,49.41102582,46.55%,53.31%,1433,1230,85.83%,#N/A,85.83%,#N/A,85.83%,825,754,91.39%,#N/A,91.39%,#N/A,91.39%,1090,964,88.44%,343,266,77.55%,13.84%,10.89%,614,558,90.88%,126,112,88.89%,0,0,NULL,9,5,55.56%,684,555,81.14%,211,196,92.89%,476,406,85.29%,208,149,71.63%
2181207210,210,0,1,LV-02,56.22724014,43.80%,56.13%,1395,1267,90.82%,#N/A,90.82%,#N/A,90.82%,883,840,95.13%,#N/A,95.13%,#N/A,95.13%,1092,1015,92.95%,303,252,83.17%,11.96%,9.78%,631,596,94.45%,123,105,85.37%,2,1,50.00%,4,2,50.00%,635,563,88.66%,250,243,97.20%,459,418,91.07%,176,145,82.39%
2181207211,211,1,1,LV-02,50.08352941,48.12%,51.76%,850,750,88.24%,88.24%,#N/A,#N/A,88.24%,448,416,92.86%,92.86%,#N/A,#N/A,92.86%,569,523,91.92%,281,227,80.78%,12.07%,11.13%,359,331,92.20%,102,85,83.33%,1,1,100.00%,9,6,66.67%,379,327,86.28%,88,84,95.45%,209,191,91.39%,170,136,80.00%
2181207212,212,0,1,LV-02,49.03351955,48.92%,51.00%,1253,1098,87.63%,#N/A,87.63%,#N/A,87.63%,767,714,93.09%,#N/A,93.09%,#N/A,93.09%,925,840,90.81%,328,258,78.66%,14.43%,12.15%,568,534,94.01%,116,98,84.48%,1,1,100.00%,9,7,77.78%,559,458,81.93%,198,179,90.40%,356,305,85.67%,203,153,75.37%
2181207500,500,0,0,LF-02,54.4203252,49.02%,50.89%,1230,1118,90.89%,#N/A,90.89%,90.89%,#N/A,636,598,94.03%,#N/A,94.03%,94.03%,#N/A,829,772,93.12%,401,346,86.28%,7.74%,6.84%,486,457,94.03%,183,164,89.62%,0,0,NULL,7,7,100.00%,554,490,88.45%,150,141,94.00%,343,315,91.84%,211,175,82.94%
2181207501,501,0,1,LF-02,53.97689076,51.16%,48.63%,952,829,87.08%,#N/A,87.08%,#N/A,87.08%,602,547,90.86%,#N/A,90.86%,#N/A,90.86%,744,654,87.90%,208,175,84.13%,6.73%,3.77%,439,394,89.75%,93,90,96.77%,3,1,33.33%,3,1,33.33%,414,343,82.85%,160,152,95.00%,302,259,85.76%,112,84,75.00%
2181207502,502,0,1,LF-02,53.10609172,50.92%,48.87%,1461,1303,89.19%,#N/A,89.19%,#N/A,89.19%,742,699,94.20%,#N/A,94.20%,#N/A,94.20%,934,864,92.51%,527,439,83.30%,10.90%,9.20%,551,516,93.65%,218,184,84.40%,6,5,83.33%,8,6,75.00%,678,592,87.32%,185,178,96.22%,377,343,90.98%,301,249,82.72%
2181207503,503,0,0,BO-11,47.30116473,51.41%,48.42%,601,457,76.04%,#N/A,76.04%,76.04%,#N/A,310,262,84.52%,#N/A,84.52%,84.52%,#N/A,426,337,79.11%,175,120,68.57%,15.94%,10.54%,237,195,82.28%,57,48,84.21%,3,2,66.67%,6,2,33.33%,298,210,70.47%,70,65,92.86%,186,140,75.27%,112,70,62.50%
2181207504,504,0,1,BO-11,46.04526578,48.13%,51.83%,2408,2119,88.00%,#N/A,88.00%,#N/A,88.00%,1634,1528,93.51%,#N/A,93.51%,#N/A,93.51%,2068,1862,90.04%,340,257,75.59%,17.92%,14.45%,1133,1057,93.29%,104,90,86.54%,11,6,54.55%,17,12,70.59%,1143,954,83.46%,490,465,94.90%,924,799,86.47%,219,155,70.78%
2181207505,505,0,1,BO-11,55.07543103,47.41%,52.48%,928,851,91.70%,#N/A,91.70%,#N/A,91.70%,476,450,94.54%,#N/A,94.54%,#N/A,94.54%,623,577,92.62%,305,274,89.84%,4.70%,2.78%,379,357,94.20%,144,129,89.58%,0,0,NULL,6,6,100.00%,399,359,89.97%,97,93,95.88%,244,220,90.16%,155,139,89.68%
2181207506,506,0,1,GN-01,52.65286404,50.59%,49.34%,1449,1327,91.58%,#N/A,91.58%,#N/A,91.58%,852,804,94.37%,#N/A,94.37%,#N/A,94.37%,1039,974,93.74%,410,353,86.10%,8.27%,7.65%,638,601,94.20%,158,147,93.04%,1,0,0.00%,15,11,73.33%,637,568,89.17%,213,203,95.31%,400,373,93.25%,237,195,82.28%
2181207507,507,0,1,GN-01,51.45067601,48.87%,50.83%,1997,1736,86.93%,#N/A,86.93%,#N/A,86.93%,1054,961,91.18%,#N/A,91.18%,#N/A,91.18%,1357,1224,90.20%,640,512,80.00%,11.18%,10.20%,781,702,89.88%,258,232,89.92%,11,8,72.73%,13,8,61.54%,934,786,84.15%,262,251,95.80%,565,514,90.97%,369,272,73.71%
2181207508,508,0,1,GN-01,53.41677175,50.13%,49.75%,1586,1437,90.61%,#N/A,90.61%,#N/A,90.61%,827,775,93.71%,#N/A,93.71%,#N/A,93.71%,1064,992,93.23%,522,445,85.25%,8.46%,7.98%,568,526,92.61%,213,195,91.55%,5,5,100.00%,12,9,75.00%,788,702,89.09%,254,244,96.06%,491,461,93.89%,297,241,81.14%
2181207509,509,0,1,GN-01,54.65601504,45.93%,54.07%,1596,1429,89.54%,#N/A,89.54%,#N/A,89.54%,942,873,92.68%,#N/A,92.68%,#N/A,92.68%,1166,1068,91.60%,430,361,83.95%,8.72%,7.64%,717,663,92.47%,160,148,92.50%,7,3,42.86%,15,12,80.00%,697,603,86.51%,218,207,94.95%,442,402,90.95%,255,201,78.82%
2181207510,510,0,1,GN-01,51.49518459,49.76%,50.08%,1246,1111,89.17%,#N/A,89.17%,#N/A,89.17%,476,445,93.49%,#N/A,93.49%,#N/A,93.49%,640,592,92.50%,606,519,85.64%,7.84%,6.86%,383,354,92.43%,229,212,92.58%,1,0,0.00%,8,6,75.00%,625,539,86.24%,92,91,98.91%,256,238,92.97%,369,301,81.57%
2184907003,003,1,1,SU-01,47,66.67%,33.33%,3,3,100.00%,100.00%,#N/A,#N/A,100.00%,0,0,NULL,NULL,#N/A,#N/A,NULL,0,0,NULL,3,3,100.00%,NULL,NULL,0,0,NULL,2,2,100.00%,0,0,NULL,0,0,NULL,1,1,100.00%,0,0,NULL,0,0,NULL,1,1,100.00%
2184907804,804,0,1,BO-10,48.37888199,51.07%,48.59%,1449,1141,78.74%,#N/A,78.74%,#N/A,78.74%,931,817,87.76%,#N/A,87.76%,#N/A,87.76%,1192,974,81.71%,257,167,64.98%,22.77%,16.73%,642,558,86.92%,108,81,75.00%,13,5,38.46%,15,8,53.33%,671,489,72.88%,276,254,92.03%,537,411,76.54%,134,78,58.21%
2184907805,805,0,1,BO-10,52.12618842,47.02%,52.72%,1157,1027,88.76%,#N/A,88.76%,#N/A,88.76%,830,778,93.73%,#N/A,93.73%,#N/A,93.73%,1022,912,89.24%,135,115,85.19%,8.55%,4.05%,630,588,93.33%,47,45,95.74%,3,2,66.67%,5,3,60.00%,472,389,82.42%,197,188,95.43%,389,322,82.78%,83,67,80.72%
2184907814,814,0,1,BO-10,56.44537815,46.34%,53.54%,833,752,90.28%,#N/A,90.28%,#N/A,90.28%,575,535,93.04%,#N/A,93.04%,#N/A,93.04%,696,636,91.38%,137,116,84.67%,8.37%,6.71%,446,417,93.50%,56,49,87.50%,0,0,NULL,4,3,75.00%,327,283,86.54%,129,118,91.47%,250,219,87.60%,77,64,83.12%
2184907815,815,0,1,BO-09,51.24957746,47.49%,52.45%,1775,1576,88.79%,#N/A,88.79%,#N/A,88.79%,1209,1114,92.14%,#N/A,92.14%,#N/A,92.14%,1535,1372,89.38%,240,204,85.00%,7.14%,4.38%,847,772,91.15%,89,77,86.52%,1,0,0.00%,7,7,100.00%,831,720,86.64%,361,342,94.74%,687,600,87.34%,144,120,83.33%
2184907827,827,0,1,BO-07,51.6154769,47.45%,52.43%,1667,1451,87.04%,#N/A,87.04%,#N/A,87.04%,1221,1100,90.09%,#N/A,90.09%,#N/A,90.09%,1465,1288,87.92%,202,163,80.69%,9.40%,7.23%,870,785,90.23%,74,68,91.89%,7,7,100.00%,8,4,50.00%,708,587,82.91%,344,308,89.53%,588,496,84.35%,120,91,75.83%
2184907828,828,0,1,BO-05,53.9671151,49.78%,50.07%,669,609,91.03%,#N/A,91.03%,#N/A,91.03%,478,455,95.19%,#N/A,95.19%,#N/A,95.19%,583,539,92.45%,86,70,81.40%,13.79%,11.06%,372,352,94.62%,30,27,90.00%,2,2,100.00%,3,3,100.00%,262,225,85.88%,104,101,97.12%,209,185,88.52%,53,40,75.47%
2184907844,844,0,1,BO-02,52.31442786,50.05%,49.95%,1005,896,89.15%,#N/A,89.15%,#N/A,89.15%,723,676,93.50%,#N/A,93.50%,#N/A,93.50%,873,790,90.49%,132,106,80.30%,13.20%,10.19%,563,527,93.61%,51,43,84.31%,1,0,0.00%,5,1,20.00%,385,325,84.42%,159,149,93.71%,309,263,85.11%,76,62,81.58%
2184907845,845,0,1,BO-02,47.81690141,49.12%,50.76%,1704,1506,88.38%,#N/A,88.38%,#N/A,88.38%,1217,1121,92.11%,#N/A,92.11%,#N/A,92.11%,1529,1360,88.95%,175,146,83.43%,8.68%,5.52%,867,793,91.46%,64,54,84.38%,4,3,75.00%,8,7,87.50%,761,649,85.28%,346,325,93.93%,658,564,85.71%,103,85,82.52%
2184907852,852,0,1,BO-02,53.78939394,47.42%,51.97%,660,593,89.85%,#N/A,89.85%,#N/A,89.85%,483,452,93.58%,#N/A,93.58%,#N/A,93.58%,573,520,90.75%,87,73,83.91%,9.67%,6.84%,333,309,92.79%,39,34,87.18%,5,4,80.00%,2,1,50.00%,281,245,87.19%,145,139,95.86%,235,207,88.09%,46,38,82.61%
2184907853,853,0,1,BO-02,51.76507538,49.37%,50.38%,796,721,90.58%,#N/A,90.58%,#N/A,90.58%,524,501,95.61%,#N/A,95.61%,#N/A,95.61%,695,642,92.37%,101,79,78.22%,17.39%,14.16%,385,366,95.06%,47,42,89.36%,0,0,NULL,3,3,100.00%,361,310,85.87%,139,135,97.12%,310,276,89.03%,51,34,66.67%
2184907854,854,0,1,BO-01,52.15729047,49.48%,50.40%,871,795,91.27%,#N/A,91.27%,#N/A,91.27%,666,619,92.94%,#N/A,92.94%,#N/A,92.94%,780,715,91.67%,91,80,87.91%,5.03%,3.75%,447,417,93.29%,47,41,87.23%,2,2,100.00%,1,1,100.00%,374,334,89.30%,217,200,92.17%,331,296,89.43%,43,38,88.37%
2184907855,855,0,1,BO-01,50.49420849,49.58%,50.19%,1295,1170,90.35%,#N/A,90.35%,#N/A,90.35%,997,921,92.38%,#N/A,92.38%,#N/A,92.38%,1178,1077,91.43%,117,93,79.49%,12.89%,11.94%,680,635,93.38%,42,40,95.24%,6,5,83.33%,4,2,50.00%,563,488,86.68%,311,281,90.35%,492,437,88.82%,71,51,71.83%
2184907856,856,0,1,BO-01,50.13587302,48.89%,51.11%,1575,1417,89.97%,#N/A,89.97%,#N/A,89.97%,1050,980,93.33%,#N/A,93.33%,#N/A,93.33%,1356,1229,90.63%,219,188,85.84%,7.49%,4.79%,786,733,93.26%,85,74,87.06%,4,3,75.00%,8,7,87.50%,692,600,86.71%,260,244,93.85%,566,493,87.10%,126,107,84.92%
2184907857,857,0,1,BO-01,52.05549626,47.81%,51.87%,937,848,90.50%,#N/A,90.50%,#N/A,90.50%,680,634,93.24%,#N/A,93.24%,#N/A,93.24%,841,765,90.96%,96,83,86.46%,6.78%,4.50%,471,440,93.42%,41,39,95.12%,4,3,75.00%,5,5,100.00%,416,361,86.78%,205,191,93.17%,366,322,87.98%,50,39,78.00%
